{"cameraMode":{"drawMode":0,"name":"Shaded","section":"Shading Mode"},"sceneLighting":true,"audioPlay":false,"sceneViewState":{"showFog":true,"showMaterialUpdate":false,"showSkybox":true,"showFlares":true,"showImageEffects":true,"showParticleSystems":true},"in2DMode":false,"pivot":{"x":-4.470632553100586,"y":-2.3602359294891359,"z":2.956185817718506},"rotation":{"x":-0.22504040598869325,"y":0.42938095331192019,"z":-0.111381396651268,"w":-0.8675262928009033},"size":6.53115177154541,"orthographic":false}